# Per-roll scanning rotation for fly_georef(), #23; imported from stac_orthophoto_bc@d5887d7 data/georef_validate by data-raw/tables_import-georef_validate.R
"film_roll","rotation","rotation_source"
"bc5281",0,"reviewed"
"bc5282",0,"reviewed"
"bc5283",0,"reviewed"
"bc5296",0,"reviewed"
"bc5300",0,"reviewed"
"bc5301",0,"reviewed"
"bc5306",0,"reviewed"
"bc5337",0,"reviewed"
"bc5420",0,"reviewed"
"bc5440",0,"reviewed"
"bc5606",0,"reviewed"
"bc5671",90,"reviewed"
"bc5688",180,"reviewed"
"bc5710",90,"reviewed"
"bc7325",90,"reviewed"
"bc7326",90,"measured"
"bc7727",90,"reviewed"
"bc7728",90,"measured"
"bc7735",90,"reviewed"
"bc7740",90,"measured"
"bc78029",90,"measured"
"bc78155",90,"reviewed"
"bc80041",90,"measured"
"bc80122",90,"reviewed"
"bc81049",90,"measured"
"bc81050",90,"disputed"
"bc82008",90,"measured"
"bc83062",90,"reviewed"
"bc89075",90,"reviewed"
"bcb90061",90,"measured"
"bcb90065",90,"measured"
"bcb90098",90,"measured"
"bcb96031",90,"reviewed"
"bcc01003",90,"reviewed"
"bcc01005",90,"reviewed"
"bcc05052",90,"measured"
"bcc05053",90,"measured"
"bcc07044",90,"measured"
"bcc07045",90,"reviewed"
"bcc07048",90,"measured"
"bcc07049",90,"measured"
"bcc07050",90,"reviewed"
"bcc429",90,"measured"
"bcc437",90,"reviewed"
"bcc440",90,"reviewed"
"bcc654",90,"measured"
"bcc667",90,"measured"
"bcc668",90,"disputed"
"bcc762",90,"reviewed"
"bcc92100",90,"measured"
"bcc92106",90,"measured"
"bcc92107",90,"measured"
"bcc92108",90,"measured"
"bcc92109",90,"measured"
"bcc92110",90,"measured"
"bcc92111",90,"measured"
"bcc94032",90,"measured"
"bcc94036",90,"measured"
"bcc94057",90,"reviewed"
"bcc94062",90,"measured"
"bcc94065",90,"reviewed"
"bcc94072",90,"measured"
"bcc94111",90,"measured"
"bcc97148",90,"reviewed"
"bcc98021",90,"measured"
"bcc98022",90,"reviewed"
"bcc98023",90,"measured"
